{
  "model": {
    "name": "meta-llama/Meta-Llama-3-8B",
    "num_layers": 32,
    "hidden_size": 4096,
    "num_attention_heads": 32
  },
  "dataset": {
    "name": "wikitext",
    "config": "wikitext-2-raw-v1",
    "num_samples": 128,
    "max_length": 512
  },
  "method": "fisher",
  "sensitivity_scores": [
    0.7144103606608229,
    1.0,
    0.668381067501832,
    0.628660450823405,
    0.5716157562566697,
    0.5505212504521583,
    0.510134118169584,
    0.4530765076767287,
    0.4169686907994826,
    0.39563857697600013,
    0.3484422760757143,
    0.3473880674225336,
    0.34409439862923275,
    0.36749751859496466,
    0.3280092271376201,
    0.3540227634049083,
    0.3369817057477028,
    0.28235584124507807,
    0.20085037381246468,
    0.15523229145131714,
    0.11500946051226016,
    0.15457605477170683,
    0.1429196198057224,
    0.053837481753899886,
    0.03073718643932161,
    0.020399252264747102,
    0.019359278038477673,
    0.016445606554897085,
    0.0,
    0.07338718897810834,
    0.22666102240695227,
    0.6659147175928718
  ],
  "ranked_layers": [
    1,
    0,
    2,
    31,
    3,
    4,
    5,
    6,
    7,
    8,
    9,
    13,
    15,
    10,
    11,
    12,
    16,
    14,
    17,
    30,
    18,
    19,
    21,
    22,
    20,
    29,
    23,
    24,
    25,
    26,
    27,
    28
  ],
  "statistics": {
    "mean": 0.327922753498662,
    "std": 0.24275960491091383,
    "min": 0.0,
    "max": 1.0,
    "most_sensitive_layer": 1,
    "least_sensitive_layer": 28,
    "sensitivity_range": 1.0,
    "raw_fisher_mean": 0.9999996194213501,
    "raw_fisher_std": 1.282071678914741e-07,
    "raw_fisher_min": 0.9999994462374815,
    "raw_fisher_max": 0.999999974361458,
    "raw_fisher_range": 5.281239765508872e-07
  },
  "gpu_info": {
    "device": "cuda",
    "name": "NVIDIA A100-SXM4-40GB",
    "memory_allocated_gb": 33.010532864
  },
  "sensitivity_scores_raw": [
    0.999999823534722,
    0.999999974361458,
    0.9999997992255487,
    0.9999997782481387,
    0.9999997481214677,
    0.9999997369809535,
    0.9999997156515406,
    0.9999996855180484,
    0.9999996664486446,
    0.9999996551837,
    0.9999996302582019,
    0.9999996297014491,
    0.9999996279619836,
    0.9999996403217324,
    0.9999996194670189,
    0.9999996332053911,
    0.9999996242056,
    0.9999995953563712,
    0.9999995523113796,
    0.9999995282193765,
    0.9999995069767351,
    0.9999995278728022,
    0.9999995217167594,
    0.9999994746703464,
    0.9999994624705266,
    0.9999994570108157,
    0.9999994564615804,
    0.9999994549228006,
    0.9999994462374815,
    0.9999994849950156,
    0.999999565942602,
    0.9999997979230102
  ],
  "_corrected": {
    "version": "fixed_v1",
    "changes": [
      "Fixed sensitivity_range calculation (was ratio, now difference)",
      "Added normalization to [0, 1] range",
      "Preserved raw Fisher scores in 'sensitivity_scores_raw'",
      "Re-ranked layers based on normalized scores"
    ]
  }
}