{
  "model": {
    "name": "mistralai/Mistral-7B-Instruct-v0.2",
    "num_layers": 32,
    "hidden_size": 4096,
    "num_attention_heads": 32
  },
  "dataset": {
    "name": "wikitext",
    "config": "wikitext-2-raw-v1",
    "num_samples": 128,
    "max_length": 512
  },
  "method": "fisher",
  "sensitivity_scores": [
    0.5752655114390589,
    1.0,
    0.3506744367462801,
    0.4578810132321903,
    0.28947501700340345,
    0.2566649202951249,
    0.21864543422150165,
    0.19025498025300724,
    0.16420826993694107,
    0.17499275280196405,
    0.18463902906804106,
    0.16669181015842535,
    0.07445448683189797,
    0.1450721992375837,
    0.15411718986119846,
    0.10375409433617427,
    0.06350046242854629,
    0.10196567066770025,
    0.15494649711757,
    0.1294881014299304,
    0.05647111464044244,
    0.1004275390948151,
    0.07506278285671535,
    0.054986968502117914,
    0.08339932129268778,
    0.0,
    0.04622122375890444,
    0.0692165510056504,
    0.09775185977410028,
    0.07371242338271283,
    0.1185630538054828,
    0.10158521418112756
  ],
  "ranked_layers": [
    1,
    0,
    3,
    2,
    4,
    5,
    6,
    7,
    10,
    9,
    11,
    8,
    18,
    14,
    13,
    19,
    30,
    15,
    17,
    31,
    21,
    28,
    24,
    22,
    12,
    29,
    27,
    16,
    20,
    23,
    26,
    25
  ],
  "statistics": {
    "mean": 0.18231531029254053,
    "std": 0.18912186445636744,
    "min": 0.0,
    "max": 1.0,
    "most_sensitive_layer": 1,
    "least_sensitive_layer": 25,
    "sensitivity_range": 1.0,
    "raw_fisher_mean": 0.9999998540248166,
    "raw_fisher_std": 4.474368946561924e-08,
    "raw_fisher_min": 0.9999998108914663,
    "raw_fisher_max": 1.0000000474780164,
    "raw_fisher_range": 2.3658655012859242e-07
  },
  "gpu_info": {
    "device": "cuda",
    "name": "NVIDIA A100-SXM4-40GB",
    "memory_allocated_gb": 29.856416256
  },
  "sensitivity_scores_raw": [
    0.999999946991549,
    1.0000000474780164,
    0.9999998938563215,
    0.9999999192199556,
    0.9999998793773619,
    0.9999998716149343,
    0.9999998626200353,
    0.9999998559032357,
    0.9999998497409344,
    0.999999852292398,
    0.9999998545745772,
    0.9999998503285066,
    0.9999998285063965,
    0.9999998452135974,
    0.9999998473535205,
    0.9999998354382895,
    0.9999998259148216,
    0.9999998350151725,
    0.9999998475497235,
    0.9999998415266095,
    0.9999998242517725,
    0.9999998346512713,
    0.9999998286503111,
    0.9999998239006435,
    0.999999830622624,
    0.9999998108914663,
    0.9999998218267862,
    0.9999998272671713,
    0.9999998340182416,
    0.9999998283308342,
    0.9999998389418902,
    0.9999998349251616
  ],
  "_corrected": {
    "version": "fixed_v1",
    "changes": [
      "Fixed sensitivity_range calculation (was ratio, now difference)",
      "Added normalization to [0, 1] range",
      "Preserved raw Fisher scores in 'sensitivity_scores_raw'",
      "Re-ranked layers based on normalized scores"
    ]
  }
}