{
  "model": {
    "name": "meta-llama/Llama-2-7b-hf",
    "num_layers": 32,
    "hidden_size": 4096,
    "num_attention_heads": 32
  },
  "dataset": {
    "name": "wikitext",
    "config": "wikitext-2-raw-v1",
    "num_samples": 128,
    "max_length": 512
  },
  "method": "fisher",
  "sensitivity_scores": [
    0.9999849709751233,
    1.0,
    0.9999792626267451,
    0.99997855832297,
    0.9999814251048711,
    0.9999797855333107,
    0.999978020032151,
    0.9999767046573925,
    0.9999756651981689,
    0.9999727993224637,
    0.9999733904571403,
    0.9999716025012926,
    0.999969818733966,
    0.9999674901427811,
    0.9999670968380151,
    0.9999669447815276,
    0.9999655733701522,
    0.9665166222177043,
    0.8855508492780458,
    0.7994790060839291,
    0.7499989353108639,
    0.5347890510275263,
    0.5601942976073754,
    0.34994485975845663,
    0.41370185329982795,
    0.37197359206144054,
    0.302153639023475,
    0.0,
    0.09234988094176733,
    0.4326181234833089,
    0.9999934335533864,
    0.999980414417363
  ],
  "ranked_layers": [
    1,
    30,
    0,
    4,
    31,
    5,
    2,
    3,
    6,
    7,
    8,
    10,
    9,
    11,
    12,
    13,
    14,
    15,
    16,
    17,
    18,
    19,
    20,
    22,
    21,
    29,
    24,
    25,
    23,
    26,
    28,
    27
  ],
  "statistics": {
    "mean": 0.7955885520832044,
    "std": 0.30532589179288466,
    "min": 0.0,
    "max": 1.0,
    "most_sensitive_layer": 1,
    "least_sensitive_layer": 27,
    "sensitivity_range": 1.0,
    "raw_fisher_mean": 0.9955889729001872,
    "raw_fisher_std": 0.006588404290848,
    "raw_fisher_min": 0.978421548940446,
    "raw_fisher_max": 0.999999818153583,
    "raw_fisher_range": 0.02157826921313699
  },
  "gpu_info": {
    "device": "cuda",
    "name": "NVIDIA A100-SXM4-40GB",
    "memory_allocated_gb": 27.780235776
  },
  "sensitivity_scores_raw": [
    0.9999994938532382,
    0.999999818153583,
    0.9999993706769601,
    0.9999993554793036,
    0.9999994173394953,
    0.9999993819603787,
    0.9999993438639194,
    0.9999993154804088,
    0.9999992930506778,
    0.9999992312100403,
    0.9999992439657035,
    0.9999992053847109,
    0.9999991668940993,
    0.9999991166471318,
    0.9999991081602957,
    0.9999991048791799,
    0.999999075286496,
    0.9992773048136314,
    0.9975302035680897,
    0.9956729221639762,
    0.9946052278761499,
    0.989961371055756,
    0.9905095723058821,
    0.9859727533340674,
    0.9873485189049234,
    0.9864480952501253,
    0.9849415015070235,
    0.978421548940446,
    0.9804142995332086,
    0.987756699275451,
    0.9999996764610302,
    0.9999993955306081
  ],
  "_corrected": {
    "version": "fixed_v1",
    "changes": [
      "Fixed sensitivity_range calculation (was ratio, now difference)",
      "Added normalization to [0, 1] range",
      "Preserved raw Fisher scores in 'sensitivity_scores_raw'",
      "Re-ranked layers based on normalized scores"
    ]
  }
}